-- phpMyAdmin SQL Dump
-- version 4.2.8.1
-- http://www.phpmyadmin.net
--
-- Хост: 10.0.2.7
-- Время создания: Дек 06 2015 г., 13:52
-- Версия сервера: 5.5.34-32.0-log
-- Версия PHP: 5.3.27

SET SQL_MODE = "NO_AUTO_VALUE_ON_ZERO";
SET time_zone = "+00:00";


/*!40101 SET @OLD_CHARACTER_SET_CLIENT=@@CHARACTER_SET_CLIENT */;
/*!40101 SET @OLD_CHARACTER_SET_RESULTS=@@CHARACTER_SET_RESULTS */;
/*!40101 SET @OLD_COLLATION_CONNECTION=@@COLLATION_CONNECTION */;
/*!40101 SET NAMES utf8 */;

--
-- База данных: `a99521_armsold`
--

-- --------------------------------------------------------

--
-- Структура таблицы `z59_admin`
--

CREATE TABLE IF NOT EXISTS `z59_admin` (
`id` int(10) unsigned NOT NULL,
  `username` varchar(50) NOT NULL,
  `password` varchar(60) NOT NULL,
  `registered` timestamp NOT NULL DEFAULT CURRENT_TIMESTAMP
) ENGINE=InnoDB AUTO_INCREMENT=2 DEFAULT CHARSET=utf8;

--
-- Дамп данных таблицы `z59_admin`
--

INSERT INTO `z59_admin` (`id`, `username`, `password`, `registered`) VALUES
(1, 'sahartak', '$2y$10$986d038673e5ea0fc16e4uxiFz/SohAOXQn/2SAJpUshWzp73KTGu', '2015-09-08 14:49:29');

-- --------------------------------------------------------

--
-- Структура таблицы `z59_answers`
--

CREATE TABLE IF NOT EXISTS `z59_answers` (
`id` int(10) unsigned NOT NULL,
  `answer` text NOT NULL,
  `question_id` int(10) unsigned NOT NULL,
  `point` decimal(10,2) NOT NULL,
  `is_right` tinyint(1) NOT NULL DEFAULT '0'
) ENGINE=InnoDB AUTO_INCREMENT=402 DEFAULT CHARSET=utf8;

--
-- Дамп данных таблицы `z59_answers`
--

INSERT INTO `z59_answers` (`id`, `answer`, `question_id`, `point`, `is_right`) VALUES
(1, 'jarangna ', 1, 0.00, 1),
(2, 'polimorf', 1, 0.00, 1),
(3, 'zibilnoc', 1, 0.00, 0),
(4, 'popoknoc', 1, 0.00, 0),
(5, 'toxer moxer', 2, 0.00, 0),
(6, 'asd ', 2, 0.50, 1),
(7, 'z casd', 2, 0.50, 1),
(8, 'asd ', 2, 0.00, 0),
(9, 'asd as ', 2, 0.00, 0),
(10, 'as dsa ', 3, 0.00, 0),
(11, 'zxc as d', 3, 0.50, 1),
(12, 'z asd ', 3, 0.50, 1),
(13, 'as d', 3, 0.00, 0),
(14, 'sda ', 4, 0.00, 0),
(15, 'a sd', 4, 0.00, 1),
(16, ' asdf', 4, 0.00, 0),
(17, ' sdfas dgsd ', 4, 0.00, 0),
(18, 'abaa ', 5, 0.00, 0),
(19, 'ba hnger jan', 5, 0.00, 1),
(20, 'e sdf sd ', 5, 0.00, 0),
(21, 'asd as', 6, 0.00, 0),
(22, ' as', 6, 0.50, 1),
(23, 'z asd', 6, 0.50, 1),
(24, 'as d', 7, 0.00, 0),
(25, ' ad', 7, 0.00, 0),
(26, ' zvxc ', 7, 0.00, 1),
(27, 'as d', 7, 0.00, 0),
(28, 'asd', 8, 0.50, 1),
(29, 'ad ', 8, 0.50, 1),
(30, 'asd ', 8, 0.00, 0),
(31, 'asd', 8, 0.50, 1),
(32, 'patasxan 1', 9, 0.00, 0),
(33, 'patasxan 2', 9, 0.00, 0),
(34, 'patasxan 3', 9, 0.00, 1),
(35, 'patasxan 4', 9, 0.00, 0),
(36, 'p1', 10, 0.00, 0),
(37, 'p2', 10, 0.00, 1),
(38, 'p3', 10, 0.00, 0),
(39, 'p4', 10, 0.00, 0),
(40, 'sad', 11, 0.50, 1),
(41, 'cxzv', 11, 0.50, 1),
(42, 'asd', 11, 0.50, 1),
(43, 'vc', 11, 0.00, 0),
(47, 'Переменная 5 = 5', 13, 0.00, 1),
(48, 'Переменная x = 5', 13, 0.00, 0),
(49, 'Ошибка, поскольку строки с переменными должны быть всегда в одинарных кавычках', 13, 0.00, 0),
(50, 'Переменная $x = 5', 13, 0.00, 0),
(51, 'strtok()', 14, 0.00, 0),
(52, 'str_repeat()', 14, 0.00, 0),
(53, 'strpos()', 14, 0.00, 1),
(54, 'substr()', 14, 0.00, 0),
(55, 'В этом коде нет ошибок.', 15, 0.00, 0),
(56, 'Нельзя выводить информацию до начала сессии.', 15, 0.00, 1),
(57, 'После начала сессии необходимо её использовать, а в коде она никак не используется.', 15, 0.00, 0),
(58, 'Функции session_start() не существует, правильная функция - start_session().', 15, 0.00, 0),
(59, 'Знак эквивалентности проверяет лишь значения операндов, а знак равенства значения и их типы', 16, 0.00, 1),
(60, 'Знак эквивалентности работает лишь для строк, а знак равенства применим к любым типам.', 16, 0.00, 0),
(61, 'Знак равенства проверяет лишь значения операндов, а знак эквивалентности значения и их тип', 16, 0.00, 0),
(62, 'Никакой разницы нет.', 16, 0.00, 0),
(63, 'false', 17, 0.00, 0),
(64, 'Ошибка, поскольку null нельзя сравнивать с 0', 17, 0.00, 0),
(65, 'true', 17, 0.00, 1),
(66, 'Ошибка, поскольку null в PHP нет.', 17, 0.00, 0),
(67, 'Lezuya', 18, 0.50, 1),
(68, 'Cragravorman Lezuya', 18, 0.50, 1),
(69, 'eee', 18, 0.00, 0),
(70, ' ss sd a', 18, 0.00, 0),
(80, 'The &lt;head&gt; section', 21, 0.50, 1),
(81, '&lt;body&gt; section', 21, 0.50, 1),
(82, 'no section', 21, 0.00, 0),
(86, 'False', 23, 0.00, 1),
(87, 'True', 23, 0.00, 0),
(88, 'msgBox("Hello World");', 24, 0.00, 0),
(89, 'alert&#40;"Hello World"&#41;;', 24, 0.00, 1),
(90, 'alertBox("Hello World");', 24, 0.00, 0),
(91, 'msg("Hello World");', 24, 0.00, 0),
(92, 'function:myFunction()', 25, 0.00, 0),
(93, ' function myFunction()', 25, 0.00, 1),
(94, ' function = myFunction()', 25, 0.00, 0),
(95, 'fff aa', 25, 0.00, 0),
(96, 'myFunction()', 26, 0.00, 1),
(97, 'call myFunction()', 26, 0.00, 0),
(98, 'call function myFunction()', 26, 0.00, 0),
(99, 'if i = 5 then', 27, 0.00, 0),
(100, 'if i == 5 then', 27, 0.00, 0),
(101, 'if (i == 5)', 27, 0.00, 1),
(102, 'if i = 5', 27, 0.00, 0),
(103, 'if (i <> 5)', 28, 0.00, 0),
(104, 'if i <> 5', 28, 0.00, 0),
(105, ' if i =! 5 then', 28, 0.00, 0),
(106, 'if (i != 5)', 28, 0.00, 1),
(112, '&lt;script&gt;', 19, 0.00, 1),
(113, '&lt;script type=&quot;text/javascript&quot;&gt;', 19, 0.00, 0),
(114, 'asd', 19, 0.00, 1),
(115, ' &lt;javascript&gt;', 19, 0.00, 0),
(116, 'sad', 19, 0.00, 0),
(137, 'document.getElement(&quot;p&quot;)[removed] = &quot;Hello World!&quot;;', 20, 0.00, 0),
(138, 'document.getElementById(&quot;demo&quot;)[removed] = &quot;Hello World!&quot;;', 20, 0.00, 1),
(139, 'document.getElementByName(&quot;p&quot;)[removed] = &quot;Hello World!&quot;;', 20, 0.00, 0),
(140, '#demo[removed] = &quot;Hello World!&quot;;', 20, 0.00, 0),
(141, 'PHP: Hypertext Preprocessor', 34, 0.00, 1),
(142, 'Private Home Page', 34, 0.00, 0),
(143, 'Personal Hypertext Processor', 34, 0.00, 0),
(144, '&lt;script&gt;...&lt;/script&gt;', 35, 0.00, 0),
(145, '&lt;?php...?&gt;', 35, 0.00, 1),
(146, '&lt;?php&gt;...&lt;/?&gt;', 35, 0.00, 0),
(147, ' &lt;&amp;&gt;...&lt;/&amp;&gt;', 35, 0.00, 0),
(148, 'print(&quot;Hello world&quot;)', 36, 1.00, 1),
(149, 'echo &quot;Hello World&quot;;', 36, 1.00, 1),
(150, '&quot;Hello World&quot;;', 36, 0.00, 0),
(151, '$', 37, 0.00, 1),
(152, '&amp;', 37, 0.00, 0),
(153, '!', 37, 0.00, 0),
(154, '.', 38, 0.00, 0),
(155, 'New line', 38, 0.00, 0),
(156, ';', 38, 0.00, 1),
(157, 'Perl and C', 39, 0.00, 1),
(158, 'JavaScript', 39, 0.00, 0),
(159, 'Pascal', 39, 0.00, 0),
(160, 'Request.QueryString;', 40, 0.00, 0),
(161, '$_GET[];', 40, 0.00, 1),
(162, 'Request.Form;', 40, 0.00, 0),
(163, 'get_var();', 40, 0.00, 0),
(164, 'True', 41, 0.00, 0),
(165, 'False', 41, 0.00, 1),
(166, 'True', 42, 0.00, 1),
(167, 'False', 42, 0.00, 0),
(170, '&lt;?php include file=&quot;time.inc&quot;; ?&gt;', 44, 0.00, 0),
(171, '&lt;?php include &quot;time.inc&quot;; ?&gt;', 44, 0.00, 1),
(172, '&lt;!-- include file=&quot;time.inc&quot; --&gt;', 44, 0.00, 0),
(173, '&lt;?php include:&quot;time.inc&quot;; ?&gt;', 44, 0.00, 0),
(174, 'create myFunction()', 45, 0.00, 0),
(175, 'function myFunction()', 45, 0.00, 1),
(176, 'new_function myFunction()', 45, 0.00, 0),
(177, 'fopen(&quot;time.txt&quot;,&quot;r&quot;);', 46, 0.00, 1),
(178, 'open(&quot;time.txt&quot;,&quot;read&quot;);', 46, 0.00, 0),
(179, 'open(&quot;time.txt&quot;);', 46, 0.00, 0),
(180, 'fopen(&quot;time.txt&quot;,&quot;r+&quot;);', 46, 0.00, 0),
(181, 'True', 47, 0.00, 1),
(182, 'False', 47, 0.00, 0),
(183, '$_SESSION', 48, 0.00, 0),
(184, '$_GLOBALS', 48, 0.00, 0),
(185, '$_GET', 48, 0.00, 0),
(186, '$_SERVER', 48, 0.00, 1),
(187, '$count++', 49, 0.50, 1),
(188, '$count =+1', 49, 0.00, 0),
(189, '++$count ', 49, 0.50, 1),
(190, '$count +=1', 49, 0.50, 1),
(191, 'count++;', 49, 0.00, 0),
(192, '&lt;!--...--&gt;', 50, 0.00, 0),
(193, '/*...*/', 50, 0.50, 1),
(194, '*\\...\\*', 50, 0.00, 0),
(195, '//', 50, 0.50, 1),
(196, 'False', 51, 0.00, 0),
(197, 'True', 51, 0.00, 1),
(198, 'False', 52, 0.00, 0),
(199, 'True', 52, 0.00, 1),
(208, 'True', 43, 0.00, 0),
(209, 'False', 43, 0.00, 1),
(210, '$my-Var', 53, 0.00, 0),
(211, 'my_Var', 53, 0.00, 1),
(212, '$myVar', 53, 0.00, 0),
(227, 'առանց սխալի և զգուշացման թարգմանություն', 58, 0.00, 0),
(228, 'զգուշացում', 58, 0.00, 0),
(229, 'սխալի առկայություն', 58, 0.00, 1),
(230, 'կոնստրուկտորի աշխատանք', 59, 0.00, 1),
(231, 'դինամիկ հիշողության օգտագործում', 59, 0.00, 0),
(232, 'այսպիսի հրաման չի թույլատրվում', 59, 0.00, 0),
(233, 'կոնստրուկտորների կոպիաների ստեղծում', 60, 0.00, 0),
(234, 'copyconstructor օպերատրի օգտագործում', 60, 0.00, 0),
(235, 'օբյեկտի կոպիայի ստացում', 60, 0.00, 1),
(236, 'այդպիսի հասկացություն գոյություն չունի', 60, 0.00, 0),
(237, 'չի թույլատրվում', 61, 0.00, 0),
(238, 'նշանակում է արտաքինից օբյեկտի ստեղծման արգելափակում', 61, 0.00, 1),
(239, 'նշանակում է փակված կոնսրուկտիվ մեթոդ', 61, 0.00, 0),
(240, 'դա design pattern է', 62, 0.50, 1),
(241, 'դա բաց կոնստրուկտրով փակ անդամների օգտագործում է', 62, 0.00, 0),
(242, 'նշանակում է միայն մեկ օբյեկտի առկայություն', 62, 0.50, 1),
(243, ' նշանակում է բազմաթիվ օբյեկտների Սինգելտոնի օգտագործում', 62, 0.00, 0),
(244, 'տիպերը կարող են լինել byte, short, int , long', 63, 0.00, 1),
(245, 'տիպերը կարող են լինել միայն int', 63, 0.00, 0),
(246, 'անդամներին կարելի է դիմել ինդեքսով', 63, 0.00, 0),
(247, 'new հրամանի միջոցով', 64, 0.00, 0),
(248, 'եթե տիպը հղիչային է', 64, 0.00, 1),
(249, 'եթե նշված լինի dynamic օպերատորը', 64, 0.00, 0),
(250, 'կատարում է խորը կլոնավորում', 65, 0.00, 0),
(251, 'կատարում է մակերեսային կլոնավորում', 65, 0.00, 1),
(252, 'կտա թարգմանման սխալ', 65, 0.00, 0),
(253, 'կտա կատարման սխալ', 65, 0.00, 0),
(254, 'կարտածի don''t', 66, 0.00, 0),
(255, 'կարտածի 4', 66, 0.00, 1),
(256, 'կտա թարգմանման սխալ', 66, 0.00, 0),
(257, 'կտա կատարման սխալ', 66, 0.00, 0),
(258, 'կարտածի It is the simple test', 67, 0.00, 0),
(259, 'կարտածի Itisthesimpletest', 67, 0.00, 1),
(260, 'կտա թարգմանման սխալ', 67, 0.00, 0),
(261, 'կտա կատարման սխալ', 67, 0.00, 0),
(262, 'նույն աբստրակտ կլասն է', 68, 0.00, 0),
(263, 'չի կարող ունենալ տվյալներ', 68, 0.00, 1),
(264, 'կապի միջոց է արտաքին սարքերի հետ', 68, 0.00, 0),
(265, 'կարելի է օգտագործել ինտեֆեյսի բացահայտ իրականացումով', 69, 0.00, 0),
(266, 'հնարավոր չէ օգտագործել արտաքին միջավայրից', 69, 0.00, 1),
(267, 'հնարավոր է օգտագործել միայն ստատիկ մեթոդներով', 69, 0.00, 0),
(268, 'բարձրացնում են ծրագրի կատարման արագությունը', 70, 0.00, 0),
(269, 'չեն ազդում ծրագրի կատարման արագության վրա', 70, 0.00, 1),
(270, 'արագացնում են թարգմանությունը', 70, 0.00, 0),
(271, 'իրադարձություններում', 71, 0.00, 0),
(272, 'ինտերֆեյսներում', 71, 0.00, 0),
(273, 'դելեգատներում', 71, 0.00, 1),
(274, '2 թիվը', 72, 0.00, 0),
(275, 'արժեք չի վերադարձնում', 72, 0.00, 0),
(276, 'տրամաբանական արժեք', 72, 0.00, 1),
(277, 'վերադարձնում է 2 արժեքը', 73, 0.00, 0),
(278, 'համեմատում է n-ն 2-ի հետ', 73, 0.00, 0),
(279, 'նշվածներից ոչ մեկը ճիշտ չէ', 73, 0.00, 1),
(280, 'ոչինչ չի արտածում', 74, 0.00, 1),
(281, 'արտածում է iradartsutiun բառը', 74, 0.00, 0),
(282, 'կտա թարգմանման սխալ', 74, 0.00, 0),
(283, 'կիրառվում են դելեգատների հետ', 75, 0.00, 0),
(284, 'թույլ է տալիս ընդլայնել մեթոդների հնարավորոությունները', 75, 0.00, 0),
(285, 'թույլ է տալիս առանց տիպի վերաթարգմանման ստանալ նոր գործողություններ', 75, 0.00, 1),
(286, 'կիրառում է this բառը', 76, 0.00, 1),
(287, 'կիրառում է extention բառը', 76, 0.00, 0),
(288, 'նշվածներից ոչ մեկը ճիշտ չէ', 76, 0.00, 0),
(289, 'կատարվում է ինիցիալիզացիա թարգմանման ժամանակ', 77, 0.00, 0),
(290, 'կատարվում է this բառի միջոցով', 77, 0.00, 0),
(291, 'կազմակերպվում է Lazy&lt;&gt; կլասի միջոցով', 77, 0.00, 1),
(292, 'գոյություն չունի', 77, 0.00, 0),
(293, 'կստեղծի բացառիկ իրավիճակ', 78, 0.00, 1),
(294, 'կտա զգուշացում', 78, 0.00, 0),
(295, 'կտա թարգմանման սխալ', 78, 0.00, 0),
(296, 'սխալի զդուշացում չկա', 79, 0.00, 0),
(297, 'սխալի զդուշացումը կատարվում է թվային ինֆորմացիայի ձևով', 79, 0.00, 0),
(298, 'սխալի զդուշացումը կատարվում է տեքստային հայտարարությունների ձևով', 79, 0.00, 1),
(299, 'օգտագործվում է օբյեկտ փակելու համար', 80, 0.00, 0),
(300, 'օգտագործվում է try հրամանի հետ', 80, 0.00, 1),
(301, 'չի օգտագործվում', 80, 0.00, 0),
(302, 'կարող է աշխատել առանց catch և finally հրամանների', 81, 0.00, 0),
(303, 'կարող է աշխատել finally հրամանի հետ', 81, 0.00, 1),
(304, 'նշվածներից ոչ մեկը ճիշտ չէ', 81, 0.00, 0),
(305, 'ստացվում է կատարման ժամանակ', 82, 0.00, 1),
(306, 'ստացվում է թարգմանման ժամանակ', 82, 0.00, 0),
(307, 'չի թարգմանվում', 82, 0.00, 0),
(308, 'տեսանելի են օգտագործողին', 83, 0.00, 0),
(309, 'փակ են օգտագործողի համար', 83, 0.00, 1),
(310, 'կարելի է տեսնել Object կլասի միջոցով', 83, 0.00, 0),
(311, 'կաշխատի անսխալ', 84, 0.00, 0),
(312, 'կտա կատարման սխալ', 84, 0.00, 0),
(313, 'կտա թարգմանման սխալ', 84, 0.50, 1),
(314, 'ծրագրում կա սխալ', 84, 0.50, 1),
(315, 'կտա զգուշացում', 85, 0.00, 0),
(316, 'կարտածի Barev բառը', 85, 0.00, 0),
(317, 'կարտածի BAREV բառը', 85, 0.50, 1),
(318, 'կաշխատի առանց սխալի', 85, 0.50, 1),
(319, 'կտա թարգմանման սխալ', 85, 0.00, 0),
(320, 'կարտածի 0', 86, 0.00, 0),
(321, 'կարտածի -1 կամ 1', 86, 0.00, 1),
(322, 'կտա թարգմանության սխալ', 86, 0.00, 0),
(323, 'կարտածի 0', 87, 0.50, 1),
(324, 'կարտածի -1', 87, 0.00, 0),
(325, 'կարտածի 1', 87, 0.00, 0),
(326, 'կտա զգուշացում', 87, 0.00, 0),
(327, 'միշտ աշխատում է տողի կոպիայի հետ', 88, 0.00, 1),
(328, 'աշխատում է տողի մայր օրինակի հետ', 88, 0.00, 0),
(329, 'գոյություն չունի, այլ կա միայն string ներդրված տիպ', 88, 0.00, 0),
(330, 'կարտածի “a ref a”', 89, 0.00, 0),
(331, 'կարտածի False', 89, 0.00, 0),
(332, 'կարտածի True', 89, 0.00, 1),
(333, 'կարտածի 5', 90, 0.00, 1),
(334, 'կարտածի 1', 90, 0.00, 0),
(335, 'կարտածի 2', 90, 0.00, 0),
(336, 'կարտածի DA', 91, 0.00, 0),
(337, 'կարտածի cda', 91, 0.00, 0),
(338, 'կարտածի CDA', 91, 0.50, 1),
(339, 'կտա թարգմանման սխալ', 91, 0.00, 0),
(340, 'կաշխատի առանց սխալի', 91, 0.50, 1),
(341, '10 – ական ամբողջ տիպ է', 92, 0.00, 0),
(342, 'կոտորակային տիպ է, պահում է թվեր մեծ float տիպից', 92, 0.00, 0),
(343, 'կոտորակային տիպ է, պահում է թվեր փոքր double տիպից', 92, 0.00, 1),
(344, 'գոյություն չունի', 93, 0.00, 0),
(345, 'չի ընդգրկվում for – ի բլոկի սահմաններում', 93, 0.00, 0),
(346, 'ընդգրկվում է for – ի բլոկի սահմաններում', 93, 0.00, 1),
(347, 'փոփոխականի անուն է ընտրվում new', 94, 0.00, 0),
(348, 'արտահայտությունը չի թույլատրվում', 94, 0.00, 0),
(349, 'փոփոխականի անուն է ընտրվում @new', 94, 0.00, 1),
(350, 'կարտածի global A և my A', 95, 0.00, 0),
(351, 'կարտածի my A և global A', 95, 0.00, 0),
(352, 'կտա թարգմանության սխալ', 95, 0.50, 1),
(353, 'կտա կատարման սխալ', 95, 0.00, 0),
(354, 'կարտածի AAAAA, BBBBB, 55 հաջորդականությունը', 96, 0.00, 0),
(355, 'կարտածի BBBBB, AAAAA, 55 հաջորդականությունը', 96, 0.50, 1),
(356, 'կարտածի BBBBB, AAAAA, 44 հաջորդականությունը', 96, 0.00, 0),
(357, 'կտա թարգմանման սխալ', 96, 0.00, 0),
(358, 'կաշխատի անսխալ', 96, 0.50, 1),
(359, 'ստեղծվում է դինամիկ հիշողությունում', 97, 0.00, 0),
(360, 'ստեղծվում է ստեկում', 97, 0.00, 1),
(361, 'քեշ հիշողությունում', 97, 0.00, 0),
(362, 'ստեղծվում են ստեկում', 98, 0.00, 1),
(363, 'new միջոցով ուղղարկվում են դինամիկ հիշողություն', 98, 0.00, 0),
(364, 'ստեղծվում են դինամիկ հիշողությունում', 98, 0.00, 0),
(365, 'ներդրված ծրագրային հրամաններ են', 99, 0.00, 0),
(366, 'խմբավորում են տվյալները', 99, 0.00, 0),
(367, 'նշվածներից ոչ մեկը ճիշտ չէ', 99, 0.00, 1),
(368, 'օգտագործվում է ժառանգականություն ստրուկտուրաներից', 100, 0.00, 0),
(369, 'օգտագործվում է ժառանգականություն ինտերֆեյսներից', 100, 0.00, 1),
(370, 'օգտագործվում է ժառանգականություն կլասներից', 100, 0.00, 0),
(371, 'կա բազային տիպ System.Structure', 101, 0.00, 0),
(372, 'կա բազային տիպ System.ValueType', 101, 0.00, 1),
(373, 'չկա բազային տիպ', 101, 0.00, 0),
(374, 'կարելի է աշխատացնել ստատիկ ֆունկցիայով', 102, 0.00, 0),
(375, 'կարելի է գերբեռնել', 102, 0.00, 0),
(376, 'նշվածներից ոչ մեկը ճիշտ չէ', 102, 0.00, 1),
(377, 'կարտածի 55, 99 հաջորդականությունը', 103, 0.00, 0),
(378, 'կարտածի 99, 55 հաջորդականությունը', 103, 0.00, 1),
(379, 'կարտածի 55, 55 հաջորդականությունը', 103, 0.00, 0),
(380, 'հաստատունը նախատեսում է կատարման ժամանակ արժեքավորման հնարավորություն', 104, 0.00, 1),
(381, 'հաստատունին արժեք վերագրվում է միայն կոնստրուկտրում', 104, 0.00, 0),
(382, 'հաստատունը չի կարող լինել ստատիկ', 104, 0.00, 0),
(383, 'c# ում գոյություն չունի', 104, 0.00, 0),
(384, 'կարելի է գրել հրամաններ', 105, 0.00, 0),
(385, 'կարելի է գրել միայն set', 105, 0.00, 0),
(386, 'նշվածներից ոչ մեկը ճիշտ չէ', 105, 0.00, 1),
(387, 'կարտածի 0, 32 հաջորդականությունը', 106, 0.00, 0),
(388, 'կարտածի “դատարկ սիմվոլ”, 0 հաջորդականությունը', 106, 0.00, 1),
(389, 'կտա թարգմանության սխալ', 106, 0.00, 0),
(390, 'կարտածի 16, 32 հաջորդականությունը', 107, 0.00, 0),
(391, 'կարտածի “դատարկ սիմվոլ”, 0 հաջորդականությունը', 107, 0.00, 0),
(392, 'կտա թարգմանության սխալ', 107, 0.00, 1),
(393, 'կարելի է գումարել և հանել', 108, 0.00, 0),
(394, 'կարելի է վերագրել', 108, 0.00, 1),
(395, 'նշվածներից չկա ճիշտ պատասխան', 108, 0.00, 0),
(396, 'չի կարող ունենալ պարամետր', 109, 0.00, 0),
(397, 'կարող է ունենալ պարամետրեր', 109, 0.00, 0),
(398, 'կարող է ունենալ պարամետր', 109, 0.00, 1),
(399, 'թույլատրվում է սահմանափակ քանակությամբ պարամետրեր', 110, 0.00, 0),
(400, 'թույլատրվում է փոփոխվող քանակությամբ պարամետրեր', 110, 0.00, 1),
(401, 'չի թույլատրվում', 110, 0.00, 0);

-- --------------------------------------------------------

--
-- Структура таблицы `z59_categories`
--

CREATE TABLE IF NOT EXISTS `z59_categories` (
`id` int(10) unsigned NOT NULL,
  `name` varchar(255) NOT NULL,
  `test_id` int(11) NOT NULL,
  `created` timestamp NOT NULL DEFAULT CURRENT_TIMESTAMP
) ENGINE=InnoDB AUTO_INCREMENT=21 DEFAULT CHARSET=utf8;

--
-- Дамп данных таблицы `z59_categories`
--

INSERT INTO `z59_categories` (`id`, `name`, `test_id`, `created`) VALUES
(1, 'OOP', 1, '2015-09-15 16:26:49'),
(2, 'Զանգվածներ', 1, '2015-09-15 16:26:49'),
(3, 'Տողեր', 1, '2015-09-15 16:26:49'),
(4, 'ppz', 1, '2015-09-16 13:18:03'),
(5, 'tema 1', 2, '2015-09-16 14:52:22'),
(6, 'tema 2', 2, '2015-09-16 14:52:22'),
(7, 'tema 3', 2, '2015-09-16 14:52:22'),
(8, 'php', 8, '2015-09-21 07:01:46'),
(9, 'JavaScript', 9, '2015-09-21 13:10:21'),
(16, 'PHP', 12, '2015-09-26 06:50:41'),
(20, 'c#', 14, '2015-10-04 06:36:33');

-- --------------------------------------------------------

--
-- Структура таблицы `z59_courses`
--

CREATE TABLE IF NOT EXISTS `z59_courses` (
`id` int(10) unsigned NOT NULL,
  `name` varchar(255) NOT NULL,
  `created` timestamp NOT NULL DEFAULT CURRENT_TIMESTAMP
) ENGINE=InnoDB AUTO_INCREMENT=3 DEFAULT CHARSET=utf8;

--
-- Дамп данных таблицы `z59_courses`
--

INSERT INTO `z59_courses` (`id`, `name`, `created`) VALUES
(1, 'Մթ 240', '2015-09-20 09:39:55'),
(2, 'Մթ 340', '2015-09-20 09:39:55');

-- --------------------------------------------------------

--
-- Структура таблицы `z59_difficulty`
--

CREATE TABLE IF NOT EXISTS `z59_difficulty` (
`id` tinyint(3) unsigned NOT NULL,
  `difficulty_name` varchar(50) NOT NULL
) ENGINE=InnoDB AUTO_INCREMENT=6 DEFAULT CHARSET=utf8;

--
-- Дамп данных таблицы `z59_difficulty`
--

INSERT INTO `z59_difficulty` (`id`, `difficulty_name`) VALUES
(1, 'շատ պարզ'),
(2, 'պարզ'),
(3, 'նորմալ'),
(4, 'բարդ'),
(5, 'շատ բարդ');

-- --------------------------------------------------------

--
-- Структура таблицы `z59_get_test`
--

CREATE TABLE IF NOT EXISTS `z59_get_test` (
`id` int(10) unsigned NOT NULL,
  `test_id` int(10) unsigned NOT NULL,
  `user_id` int(10) unsigned NOT NULL,
  `ip` varchar(50) NOT NULL,
  `start_time` timestamp NOT NULL DEFAULT CURRENT_TIMESTAMP,
  `end_time` timestamp NOT NULL DEFAULT '0000-00-00 00:00:00',
  `point` decimal(5,2) unsigned NOT NULL DEFAULT '0.00',
  `max_point` decimal(5,2) unsigned NOT NULL DEFAULT '0.00'
) ENGINE=InnoDB AUTO_INCREMENT=28 DEFAULT CHARSET=utf8;

--
-- Дамп данных таблицы `z59_get_test`
--

INSERT INTO `z59_get_test` (`id`, `test_id`, `user_id`, `ip`, `start_time`, `end_time`, `point`, `max_point`) VALUES
(1, 12, 13, '46.130.112.203', '2015-09-26 09:51:40', '2015-09-26 09:53:49', 36.00, 40.00),
(2, 12, 14, '46.130.112.203', '2015-09-26 09:57:02', '2015-09-26 09:59:26', 40.00, 40.00),
(6, 12, 18, '82.199.201.158', '2015-09-27 12:02:20', '2015-09-27 12:03:18', 24.00, 40.00),
(8, 12, 20, '91.196.38.29', '2015-09-28 07:29:45', '0000-00-00 00:00:00', 0.00, 0.00),
(9, 12, 21, '91.196.38.29', '2015-09-28 07:30:02', '0000-00-00 00:00:00', 0.00, 0.00),
(10, 12, 22, '91.196.38.29', '2015-09-28 07:31:23', '0000-00-00 00:00:00', 0.00, 0.00),
(11, 12, 23, '46.130.112.203', '2015-09-28 08:57:58', '0000-00-00 00:00:00', 0.00, 0.00),
(12, 12, 24, '46.130.112.203', '2015-09-28 08:58:27', '0000-00-00 00:00:00', 0.00, 0.00),
(14, 14, 26, '82.199.201.158', '2015-10-04 08:44:14', '2015-10-04 08:48:00', 48.00, 50.00),
(15, 14, 27, '82.199.201.158', '2015-10-04 08:54:50', '2015-10-04 08:55:59', 22.50, 50.00),
(16, 14, 28, '82.199.201.158', '2015-10-04 09:04:22', '2015-10-04 09:07:12', 26.00, 50.00),
(18, 14, 30, '82.199.201.158', '2015-10-04 13:27:28', '0000-00-00 00:00:00', 0.00, 0.00),
(19, 14, 31, '82.199.201.158', '2015-10-04 13:32:14', '0000-00-00 00:00:00', 0.00, 0.00),
(20, 14, 32, '82.199.201.158', '2015-10-04 13:32:22', '0000-00-00 00:00:00', 0.00, 0.00),
(21, 14, 33, '82.199.201.158', '2015-10-04 15:24:24', '0000-00-00 00:00:00', 0.00, 0.00),
(22, 14, 34, '82.199.201.158', '2015-10-04 15:24:50', '2015-10-04 15:26:30', 16.00, 50.00),
(23, 14, 35, '46.130.23.75', '2015-10-08 06:33:18', '2015-10-08 06:34:57', 9.50, 50.00),
(24, 1, 36, '91.196.38.29', '2015-10-15 11:06:50', '0000-00-00 00:00:00', 0.00, 0.00),
(25, 14, 37, '46.130.112.203', '2015-10-16 12:54:00', '2015-10-16 12:55:17', 0.00, 50.00),
(26, 14, 38, '91.196.38.29', '2015-10-16 14:46:55', '2015-10-16 14:47:22', 4.50, 50.00),
(27, 14, 39, '82.199.202.65', '2015-11-08 14:16:51', '2015-11-08 14:18:21', 4.00, 50.00);

-- --------------------------------------------------------

--
-- Структура таблицы `z59_gotten_test_answers`
--

CREATE TABLE IF NOT EXISTS `z59_gotten_test_answers` (
`id` int(10) unsigned NOT NULL,
  `get_test_id` int(10) unsigned NOT NULL,
  `question_id` int(10) unsigned NOT NULL,
  `answer_ids` varchar(20) NOT NULL
) ENGINE=InnoDB AUTO_INCREMENT=603 DEFAULT CHARSET=utf8;

--
-- Дамп данных таблицы `z59_gotten_test_answers`
--

INSERT INTO `z59_gotten_test_answers` (`id`, `get_test_id`, `question_id`, `answer_ids`) VALUES
(1, 1, 41, '165'),
(2, 1, 52, '199'),
(3, 1, 38, '156'),
(4, 1, 43, '169'),
(5, 1, 37, '151'),
(6, 1, 42, '166'),
(7, 1, 34, '141'),
(8, 1, 36, '148,149'),
(9, 1, 35, '145'),
(10, 1, 53, '201'),
(11, 1, 48, '186'),
(12, 1, 51, '197'),
(13, 1, 39, '157'),
(14, 1, 45, '175'),
(15, 1, 44, '171'),
(16, 1, 50, '193,195'),
(17, 1, 40, '161'),
(18, 1, 47, '181'),
(19, 1, 46, '177'),
(20, 1, 49, '187,189,190'),
(21, 2, 41, '165'),
(22, 2, 42, '166'),
(23, 2, 43, '209'),
(24, 2, 52, '199'),
(25, 2, 38, '156'),
(26, 2, 37, '151'),
(27, 2, 35, '145'),
(28, 2, 36, '148,149'),
(29, 2, 48, '186'),
(30, 2, 34, '141'),
(31, 2, 53, '211'),
(32, 2, 51, '197'),
(33, 2, 40, '161'),
(34, 2, 44, '171'),
(35, 2, 50, '193,195'),
(36, 2, 45, '175'),
(37, 2, 39, '157'),
(38, 2, 47, '181'),
(39, 2, 46, '177'),
(40, 2, 49, '187,189,190'),
(141, 5, 31, '127'),
(142, 5, 33, '134'),
(143, 5, 32, '130'),
(144, 6, 41, '164'),
(145, 6, 52, ''),
(146, 6, 42, '166'),
(147, 6, 37, '151'),
(148, 6, 43, '208'),
(149, 6, 38, '156'),
(150, 6, 48, '186'),
(151, 6, 34, '141'),
(152, 6, 36, '149,150'),
(153, 6, 35, '145'),
(154, 6, 53, '210'),
(155, 6, 51, '196'),
(156, 6, 44, '171'),
(157, 6, 39, '158'),
(158, 6, 45, '175'),
(159, 6, 40, '161'),
(160, 6, 50, '193,194'),
(161, 6, 46, '177'),
(162, 6, 47, '181'),
(163, 6, 49, '188,189'),
(164, 7, 31, ''),
(165, 7, 33, ''),
(166, 7, 32, ''),
(167, 8, 41, ''),
(168, 8, 52, ''),
(169, 8, 42, ''),
(170, 8, 43, ''),
(171, 8, 38, ''),
(172, 8, 37, ''),
(173, 8, 34, ''),
(174, 8, 48, ''),
(175, 8, 53, ''),
(176, 8, 36, ''),
(177, 8, 35, ''),
(178, 8, 51, ''),
(179, 8, 50, ''),
(180, 8, 40, ''),
(181, 8, 39, ''),
(182, 8, 45, ''),
(183, 8, 44, ''),
(184, 8, 46, ''),
(185, 8, 47, ''),
(186, 8, 49, ''),
(187, 9, 41, '164'),
(188, 9, 37, ''),
(189, 9, 38, ''),
(190, 9, 43, ''),
(191, 9, 52, ''),
(192, 9, 42, ''),
(193, 9, 53, ''),
(194, 9, 36, ''),
(195, 9, 48, ''),
(196, 9, 34, ''),
(197, 9, 35, ''),
(198, 9, 44, ''),
(199, 9, 39, ''),
(200, 9, 40, ''),
(201, 9, 51, ''),
(202, 9, 50, ''),
(203, 9, 45, ''),
(204, 9, 49, ''),
(205, 9, 47, ''),
(206, 9, 46, ''),
(207, 10, 41, ''),
(208, 10, 38, ''),
(209, 10, 42, ''),
(210, 10, 37, ''),
(211, 10, 43, ''),
(212, 10, 52, ''),
(213, 10, 48, ''),
(214, 10, 36, ''),
(215, 10, 53, ''),
(216, 10, 35, ''),
(217, 10, 34, ''),
(218, 10, 44, ''),
(219, 10, 45, ''),
(220, 10, 40, ''),
(221, 10, 39, ''),
(222, 10, 51, ''),
(223, 10, 50, ''),
(224, 10, 46, ''),
(225, 10, 49, ''),
(226, 10, 47, ''),
(227, 11, 41, ''),
(228, 11, 37, ''),
(229, 11, 52, ''),
(230, 11, 43, ''),
(231, 11, 38, ''),
(232, 11, 42, ''),
(233, 11, 34, ''),
(234, 11, 35, ''),
(235, 11, 53, ''),
(236, 11, 36, ''),
(237, 11, 48, ''),
(238, 11, 44, ''),
(239, 11, 39, ''),
(240, 11, 40, ''),
(241, 11, 50, ''),
(242, 11, 45, ''),
(243, 11, 51, ''),
(244, 11, 47, ''),
(245, 11, 49, ''),
(246, 11, 46, ''),
(247, 12, 41, ''),
(248, 12, 42, ''),
(249, 12, 38, ''),
(250, 12, 37, ''),
(251, 12, 52, ''),
(252, 12, 43, ''),
(253, 12, 36, ''),
(254, 12, 34, ''),
(255, 12, 53, ''),
(256, 12, 48, ''),
(257, 12, 35, ''),
(258, 12, 50, ''),
(259, 12, 39, ''),
(260, 12, 44, ''),
(261, 12, 45, ''),
(262, 12, 40, ''),
(263, 12, 51, ''),
(264, 12, 47, ''),
(265, 12, 46, ''),
(266, 12, 49, ''),
(267, 13, 31, '127'),
(268, 13, 33, '135'),
(269, 13, 32, '130,131'),
(270, 14, 61, '238'),
(271, 14, 92, '343'),
(272, 14, 60, '235'),
(273, 14, 109, '398'),
(274, 14, 99, '367'),
(275, 14, 88, '327'),
(276, 14, 80, '300'),
(277, 14, 98, '362'),
(278, 14, 70, '269'),
(279, 14, 93, '346'),
(280, 14, 97, '360'),
(281, 14, 108, '394'),
(282, 14, 101, '372'),
(283, 14, 79, '298'),
(284, 14, 62, '240,242'),
(285, 14, 59, '230'),
(286, 14, 71, '273'),
(287, 14, 66, '255'),
(288, 14, 81, '303'),
(289, 14, 106, '388'),
(290, 14, 65, '251'),
(291, 14, 86, '321'),
(292, 14, 74, '281'),
(293, 14, 89, '332'),
(294, 14, 95, '352'),
(295, 15, 63, '244'),
(296, 15, 92, '343'),
(297, 15, 99, '365'),
(298, 15, 73, '277'),
(299, 15, 69, '266'),
(300, 15, 105, '384'),
(301, 15, 80, '299'),
(302, 15, 83, '308'),
(303, 15, 71, '271'),
(304, 15, 93, '345'),
(305, 15, 101, '372'),
(306, 15, 98, '362'),
(307, 15, 75, '284'),
(308, 15, 79, '297'),
(309, 15, 108, '394'),
(310, 15, 76, '287'),
(311, 15, 62, '241'),
(312, 15, 66, '256'),
(313, 15, 77, '291'),
(314, 15, 78, '293'),
(315, 15, 106, '388'),
(316, 15, 65, '251'),
(317, 15, 74, '281'),
(318, 15, 95, '352'),
(319, 15, 96, '355,356'),
(320, 16, 63, '244'),
(321, 16, 92, '343'),
(322, 16, 73, '277'),
(323, 16, 109, '398'),
(324, 16, 99, '367'),
(325, 16, 105, '386'),
(326, 16, 60, '235'),
(327, 16, 70, '269'),
(328, 16, 94, '349'),
(329, 16, 75, '284'),
(330, 16, 82, '306'),
(331, 16, 93, '345'),
(332, 16, 79, '297'),
(333, 16, 71, '272'),
(334, 16, 101, '372'),
(335, 16, 104, '381'),
(336, 16, 59, '231'),
(337, 16, 81, '303'),
(338, 16, 66, '255'),
(339, 16, 103, '378'),
(340, 16, 90, '334'),
(341, 16, 65, '251'),
(342, 16, 95, '350,351'),
(343, 16, 96, '354'),
(344, 16, 74, '281'),
(370, 18, 92, ''),
(371, 18, 63, ''),
(372, 18, 61, ''),
(373, 18, 72, ''),
(374, 18, 68, ''),
(375, 18, 88, ''),
(376, 18, 80, ''),
(377, 18, 69, ''),
(378, 18, 73, ''),
(379, 18, 60, ''),
(380, 18, 105, ''),
(381, 18, 99, ''),
(382, 18, 109, ''),
(383, 18, 110, ''),
(384, 18, 79, ''),
(385, 18, 97, ''),
(386, 18, 59, ''),
(387, 18, 77, ''),
(388, 18, 86, ''),
(389, 18, 90, ''),
(390, 18, 87, ''),
(391, 18, 106, ''),
(392, 18, 95, ''),
(393, 18, 84, ''),
(394, 18, 67, ''),
(395, 19, 72, ''),
(396, 19, 92, ''),
(397, 19, 63, ''),
(398, 19, 61, ''),
(399, 19, 99, ''),
(400, 19, 68, ''),
(401, 19, 105, ''),
(402, 19, 60, ''),
(403, 19, 88, ''),
(404, 19, 80, ''),
(405, 19, 69, ''),
(406, 19, 109, ''),
(407, 19, 73, ''),
(408, 19, 108, ''),
(409, 19, 64, ''),
(410, 19, 104, ''),
(411, 19, 100, ''),
(412, 19, 65, ''),
(413, 19, 87, ''),
(414, 19, 91, ''),
(415, 19, 77, ''),
(416, 19, 78, ''),
(417, 19, 95, ''),
(418, 19, 96, ''),
(419, 19, 74, ''),
(420, 20, 92, ''),
(421, 20, 63, ''),
(422, 20, 72, ''),
(423, 20, 61, ''),
(424, 20, 99, ''),
(425, 20, 69, ''),
(426, 20, 88, ''),
(427, 20, 80, ''),
(428, 20, 109, ''),
(429, 20, 73, ''),
(430, 20, 68, ''),
(431, 20, 60, ''),
(432, 20, 105, ''),
(433, 20, 62, ''),
(434, 20, 108, ''),
(435, 20, 76, ''),
(436, 20, 101, ''),
(437, 20, 66, ''),
(438, 20, 102, ''),
(439, 20, 103, ''),
(440, 20, 91, ''),
(441, 20, 86, ''),
(442, 20, 67, ''),
(443, 20, 89, ''),
(444, 20, 74, ''),
(445, 21, 63, '244'),
(446, 21, 72, ''),
(447, 21, 68, ''),
(448, 21, 73, ''),
(449, 21, 80, ''),
(450, 21, 109, ''),
(451, 21, 69, ''),
(452, 21, 75, ''),
(453, 21, 62, ''),
(454, 21, 100, ''),
(455, 21, 83, ''),
(456, 21, 59, ''),
(457, 21, 104, ''),
(458, 21, 64, ''),
(459, 21, 71, ''),
(460, 21, 98, ''),
(461, 21, 94, ''),
(462, 21, 65, ''),
(463, 21, 66, ''),
(464, 21, 86, ''),
(465, 21, 85, ''),
(466, 21, 107, ''),
(467, 21, 95, ''),
(468, 21, 67, ''),
(469, 21, 74, ''),
(470, 22, 92, '342'),
(471, 22, 72, '274'),
(472, 22, 60, '234'),
(473, 22, 73, '277'),
(474, 22, 69, '265'),
(475, 22, 88, '328'),
(476, 22, 109, '397'),
(477, 22, 70, '268'),
(478, 22, 98, '363'),
(479, 22, 97, '360'),
(480, 22, 100, '368'),
(481, 22, 93, '345'),
(482, 22, 62, '240,242'),
(483, 22, 71, '273'),
(484, 22, 101, '372'),
(485, 22, 104, '380'),
(486, 22, 76, '287'),
(487, 22, 86, '321'),
(488, 22, 102, '376'),
(489, 22, 66, '255'),
(490, 22, 58, ''),
(491, 22, 87, ''),
(492, 22, 95, '350'),
(493, 22, 89, ''),
(494, 22, 96, ''),
(495, 23, 61, ''),
(496, 23, 72, ''),
(497, 23, 99, '366'),
(498, 23, 73, '278'),
(499, 23, 88, '329'),
(500, 23, 109, '398'),
(501, 23, 68, '263'),
(502, 23, 83, ''),
(503, 23, 110, ''),
(504, 23, 62, '242,243'),
(505, 23, 59, '232'),
(506, 23, 100, ''),
(507, 23, 82, ''),
(508, 23, 64, ''),
(509, 23, 93, ''),
(510, 23, 76, ''),
(511, 23, 94, '348'),
(512, 23, 91, '338,339'),
(513, 23, 85, '318,319'),
(514, 23, 103, '378'),
(515, 23, 106, ''),
(516, 23, 77, ''),
(517, 23, 74, '282'),
(518, 23, 67, '261'),
(519, 23, 84, '313,314'),
(520, 24, 2, ''),
(521, 24, 5, ''),
(522, 24, 3, ''),
(523, 24, 4, ''),
(524, 24, 6, ''),
(525, 24, 1, ''),
(526, 24, 7, ''),
(527, 24, 8, ''),
(528, 25, 63, '245'),
(529, 25, 72, '275'),
(530, 25, 80, ''),
(531, 25, 69, ''),
(532, 25, 88, ''),
(533, 25, 60, ''),
(534, 25, 99, ''),
(535, 25, 98, ''),
(536, 25, 59, ''),
(537, 25, 101, ''),
(538, 25, 82, ''),
(539, 25, 104, ''),
(540, 25, 97, ''),
(541, 25, 93, ''),
(542, 25, 71, ''),
(543, 25, 110, ''),
(544, 25, 100, ''),
(545, 25, 81, ''),
(546, 25, 87, ''),
(547, 25, 78, ''),
(548, 25, 77, ''),
(549, 25, 66, ''),
(550, 25, 74, ''),
(551, 25, 67, ''),
(552, 25, 96, ''),
(553, 26, 92, ''),
(554, 26, 63, ''),
(555, 26, 60, ''),
(556, 26, 68, ''),
(557, 26, 99, ''),
(558, 26, 69, ''),
(559, 26, 80, ''),
(560, 26, 75, ''),
(561, 26, 76, ''),
(562, 26, 79, '297'),
(563, 26, 83, '310'),
(564, 26, 71, '272'),
(565, 26, 104, '381'),
(566, 26, 64, '249'),
(567, 26, 108, '394'),
(568, 26, 94, '349'),
(569, 26, 101, ''),
(570, 26, 102, ''),
(571, 26, 85, ''),
(572, 26, 91, ''),
(573, 26, 87, '324,325'),
(574, 26, 65, '252'),
(575, 26, 96, '354,355'),
(576, 26, 74, '282'),
(577, 26, 84, ''),
(578, 27, 61, '238'),
(579, 27, 63, '244'),
(580, 27, 68, ''),
(581, 27, 88, ''),
(582, 27, 109, ''),
(583, 27, 105, ''),
(584, 27, 73, ''),
(585, 27, 93, ''),
(586, 27, 98, ''),
(587, 27, 76, ''),
(588, 27, 75, ''),
(589, 27, 100, ''),
(590, 27, 70, ''),
(591, 27, 108, ''),
(592, 27, 97, ''),
(593, 27, 101, ''),
(594, 27, 83, ''),
(595, 27, 66, ''),
(596, 27, 107, ''),
(597, 27, 77, ''),
(598, 27, 85, ''),
(599, 27, 58, ''),
(600, 27, 84, ''),
(601, 27, 96, ''),
(602, 27, 95, '');

-- --------------------------------------------------------

--
-- Структура таблицы `z59_questions`
--

CREATE TABLE IF NOT EXISTS `z59_questions` (
`id` int(10) unsigned NOT NULL,
  `question` text NOT NULL,
  `test_id` int(10) unsigned NOT NULL,
  `answer_mode` tinyint(3) unsigned NOT NULL,
  `category` smallint(5) unsigned NOT NULL,
  `difficulty` tinyint(3) unsigned NOT NULL,
  `created` timestamp NOT NULL DEFAULT CURRENT_TIMESTAMP
) ENGINE=InnoDB AUTO_INCREMENT=111 DEFAULT CHARSET=utf8;

--
-- Дамп данных таблицы `z59_questions`
--

INSERT INTO `z59_questions` (`id`, `question`, `test_id`, `answer_mode`, `category`, `difficulty`, `created`) VALUES
(1, 'esel nor harc', 1, 1, 1, 3, '2015-09-15 17:10:02'),
(2, 'sdfsd', 1, 1, 2, 1, '2015-09-15 17:11:22'),
(3, 'as das asd', 1, 1, 2, 2, '2015-09-15 17:16:34'),
(4, 'dsf  ds f as asd', 1, 0, 1, 2, '2015-09-15 17:16:51'),
(5, 'eeee oxpers', 1, 0, 0, 1, '2015-09-15 17:20:53'),
(6, 'as dasd', 1, 1, 0, 3, '2015-09-15 17:21:34'),
(7, 'fsd sd  dzxc', 1, 0, 2, 4, '2015-09-15 18:11:29'),
(8, 'eee esi bard harca', 1, 1, 4, 5, '2015-09-16 13:44:14'),
(9, 'harc 1', 2, 0, 5, 1, '2015-09-16 14:52:48'),
(10, 'harc 2', 2, 0, 6, 4, '2015-09-16 14:53:12'),
(11, 'harc 3', 2, 1, 7, 4, '2015-09-16 14:54:27'),
(13, 'Каков результат выполнения у данного скрипта:\r\n<pre>\r\n&lt;?php\r\n  $x = 5;\r\n  echo "Переменная $x = 5";\r\n?&gt;\r\n</pre>', 8, 0, 8, 1, '2015-09-21 07:03:34'),
(14, 'Какая функция в PHP позволяет найти вхождение подстроки?', 8, 0, 0, 2, '2015-09-21 07:05:04'),
(15, 'Константин написал такой код:\n<pre>\n&lt;?php\n  echo "Привет";\n  session_start();\n?&gt;\n</pre>\nНо при попытке его выполнить у него возникла ошибка. С чем она связана?', 8, 0, 0, 1, '2015-09-21 07:06:26'),
(16, 'Какая разница между равенством и эквивалентностью?', 8, 0, 0, 3, '2015-09-21 07:07:22'),
(17, 'Что будет, если запустить такой скрипт:\r\n<pre>\r\n&lt;?php\r\n  if (null == 0) echo "true";\r\n  else echo "false";\r\n?&gt;\r\n</pre>', 8, 0, 0, 4, '2015-09-21 07:08:28'),
(18, 'Incha PHP', 8, 1, 8, 5, '2015-09-21 07:10:03'),
(19, 'Inside which HTML element do we put the JavaScript?', 9, 1, 9, 1, '2015-09-21 13:11:40'),
(20, 'What is the correct JavaScript syntax to change the content of the HTML element below?\r\n<pre><p id="demo">This is a demonstration.</p></pre>', 9, 0, 0, 3, '2015-09-21 13:13:36'),
(21, 'Where is the correct place to insert a JavaScript?', 9, 1, 0, 2, '2015-09-21 13:14:37'),
(23, 'The external JavaScript file must contain the [removed] tag.', 9, 0, 9, 4, '2015-09-21 13:15:50'),
(24, 'How do you write "Hello World" in an alert box?', 9, 0, 0, 4, '2015-09-21 13:16:40'),
(25, 'How do you create a function in JavaScript?', 9, 0, 0, 3, '2015-09-21 13:17:16'),
(26, 'How do you call a function named "myFunction"?', 9, 0, 0, 2, '2015-09-21 13:17:53'),
(27, 'How to write an IF statement in JavaScript?', 9, 0, 0, 4, '2015-09-21 13:18:32'),
(28, 'How to write an IF statement for executing some code if "i" is NOT equal to 5?', 9, 0, 0, 4, '2015-09-21 13:19:05'),
(34, 'What does PHP stand for?', 12, 0, 16, 3, '2015-09-26 06:51:43'),
(35, 'PHP server scripts are surrounded by delimiters, which?', 12, 0, 16, 3, '2015-09-26 06:52:51'),
(36, 'How do you write "Hello World" in PHP', 12, 1, 16, 3, '2015-09-26 06:54:02'),
(37, 'All variables in PHP start with which symbol?', 12, 0, 16, 2, '2015-09-26 06:54:57'),
(38, 'What is the correct way to end a PHP statement?', 12, 0, 16, 2, '2015-09-26 06:55:32'),
(39, 'The PHP syntax is most similar to:', 12, 0, 16, 4, '2015-09-26 06:56:12'),
(40, 'How do you get information from a form that is submitted using the "get" method?', 12, 0, 16, 4, '2015-09-26 06:57:03'),
(41, 'When using the POST method, variables are displayed in the URL:', 12, 0, 16, 1, '2015-09-26 06:57:32'),
(42, 'In PHP you can use both single quotes ( '' '' ) and double quotes ( " " ) for strings:', 12, 0, 16, 2, '2015-09-26 06:57:55'),
(43, 'Include files must have the file extension ".inc"', 12, 0, 0, 2, '2015-09-26 06:58:17'),
(44, 'What is the correct way to include the file "time.inc" ?', 12, 0, 0, 4, '2015-09-26 06:59:17'),
(45, 'What is the correct way to create a function in PHP?', 12, 0, 0, 4, '2015-09-26 06:59:49'),
(46, 'What is the correct way to open the file "time.txt" as readable?', 12, 0, 0, 5, '2015-09-26 07:01:17'),
(47, 'PHP allows you to send emails directly from a script', 12, 0, 0, 5, '2015-09-26 07:01:46'),
(48, 'Which superglobal variable holds information about headers, paths, and script locations?', 12, 0, 16, 3, '2015-09-26 07:02:34'),
(49, 'What is the correct way to add 1 to the $count variable?', 12, 1, 16, 5, '2015-09-26 07:04:02'),
(50, 'What is a correct way to add a comment in PHP?', 12, 1, 16, 4, '2015-09-26 07:05:13'),
(51, 'PHP can be run on Microsoft Windows IIS(Internet Information Server):', 12, 0, 16, 4, '2015-09-26 07:06:44'),
(52, 'The die() and exit() functions do the exact same thing.', 12, 0, 0, 2, '2015-09-26 07:07:14'),
(53, 'Which one of these variables has an illegal name?', 12, 0, 16, 3, '2015-09-26 07:08:03'),
(58, 'Տրված   ծրագրի թարգմանման ժամանակ կստանանք պատասխան  \r\n<pre>\r\nclass AAA\r\n{\r\nint a;\r\npublic AAA(int aa)\r\n    {\r\n        a = aa;\r\n        System.Console.WriteLine(a);\r\n    }\r\n}\r\nclass M\r\n{\r\nstatic void Main()\r\n    {\r\nAAA ob = new AAA(55);\r\nAAA ob2 = new AAA();\r\n    }\r\n}\r\n</pre>', 14, 0, 0, 4, '2015-10-04 06:40:50'),
(59, 'int a = new int() հրամանը C# -ում նշանակում է', 14, 0, 0, 3, '2015-10-04 06:41:55'),
(60, 'Կոպիայի կոնստրուկտոր նշանակում է', 14, 0, 0, 2, '2015-10-04 06:42:52'),
(61, 'Փակ կոնստրուկտոր C# ում', 14, 0, 0, 1, '2015-10-04 06:43:29'),
(62, 'Սինգելտոն պատերն', 14, 1, 0, 3, '2015-10-04 06:45:22'),
(63, 'enum թվարկման էլեմենտների', 14, 0, 0, 1, '2015-10-04 06:46:09'),
(64, 'Օբյեկտները դինամիկ հիշողությունում ստեղծվում են', 14, 0, 0, 3, '2015-10-04 06:46:43'),
(65, 'Տվյալ ծրագիրը\r\n<pre>\r\nclass BB : ICloneable\r\n{\r\n    public int x, y;\r\n    public BB (int x, int y)\r\n   {\r\n       this.x = x;\r\n       this.y = y;\r\n    }\r\n   public object Clone()\r\n   {\r\n        return this.MemberwiseClone();\r\n    }\r\n}\r\nclass M\r\n{\r\n static void Main()\r\n    {\r\n       BB p3 = new BB(100, 100);\r\n       BB p4 = (BB) p3.Clone();\r\n    }\r\n }\r\n</pre>', 14, 0, 0, 4, '2015-10-04 06:51:11'),
(66, 'Տվյալ ծրագիրը\r\n<pre>\r\ninterface I2\r\n    {\r\n        byte PP\r\n        {\r\n            get;\r\n        }\r\n    }\r\n    class AAA : I2\r\n    {\r\n        public byte PP\r\n        {\r\n            get\r\n            {\r\n                return 4;\r\n            }\r\n        }\r\n    }\r\n    class M\r\n    {\r\n        static void Main()\r\n        {\r\n            AAA ob = new AAA();\r\n            I2 iob = ob as I2;\r\n            if (iob != null)\r\n                System.Console.WriteLine(iob.PP);\r\n            else\r\n                System.Console.WriteLine("don''t");\r\n        }\r\n    }\r\n</pre>', 14, 0, 0, 4, '2015-10-04 06:54:41'),
(67, 'Տվյալ ծրագիրը\r\n<pre>\r\nusing System;\r\n    delegate string ddd(string ss);\r\n    class M\r\n    {\r\n        static string ff(string a)\r\n        {\r\n            string temp = "";\r\n            for (int i = 0; i < a.Length; i++)\r\n                if (a[i] != '' '')\r\n                    temp += a[i];\r\n            return temp;\r\n        }\r\n\r\n        public static void Main()\r\n        {\r\n            ddd ddob = new ddd(ff);\r\n            Console.WriteLine(ddob("It is the simple test"));\r\n        }\r\n    }\r\n</pre>', 14, 0, 0, 5, '2015-10-04 06:56:14'),
(68, 'Ինտերֆեյսը', 14, 0, 0, 2, '2015-10-04 06:56:45'),
(69, 'Կլասի փակ անդամները', 14, 0, 0, 2, '2015-10-04 06:57:20'),
(70, 'Անանուն մեթոդները', 14, 0, 0, 3, '2015-10-04 06:57:46'),
(71, 'GetInvocationList() մեթոդը օգտագործվում է', 14, 0, 0, 3, '2015-10-04 06:58:23'),
(72, 'n=>n%2==0 արտահայտությունը վերադարձնում է', 14, 0, 0, 1, '2015-10-04 06:58:55'),
(73, 'n=>n+2 արտահայտությունը', 14, 0, 0, 2, '2015-10-04 06:59:38'),
(74, 'Տվյալ ծրագիրը\r\n<pre>\r\nusing System;\r\n    delegate void ddd();\r\n    class AAA\r\n    {\r\n        public event ddd eee;\r\n        public void ff()\r\n        {\r\n            if (eee != null)\r\n                eee();\r\n        }\r\n    }\r\n    class M\r\n    {\r\n        static void Onff()\r\n        {\r\n            Console.WriteLine("iradartsutiun");\r\n        }\r\n        public static void Main()\r\n        {\r\n            AAA ob = new AAA();\r\n            ob.eee += new ddd(Onff);\r\n        }\r\n    }\r\n</pre>', 14, 0, 0, 5, '2015-10-04 07:00:34'),
(75, 'Ընդլայնված մեթոդները', 14, 0, 0, 3, '2015-10-04 07:01:05'),
(76, 'Ընդլայնված մեթոդը', 14, 0, 0, 3, '2015-10-04 07:01:37'),
(77, 'Կլասի հետաձգված ինիցալիզացիա', 14, 0, 0, 4, '2015-10-04 07:02:15'),
(78, 'Ծրագիրը\r\n<pre>\r\nclass M\r\n    {\r\n        static void Main()\r\n        {\r\n            int a = 8;\r\n            int b = 0;\r\n            System.Console.WriteLine(a / b);\r\n        }\r\n    }\r\n</pre>', 14, 0, 0, 4, '2015-10-04 07:03:23'),
(79, 'Բացառիկ իրավիճակներում', 14, 0, 0, 3, '2015-10-04 07:03:59'),
(80, 'Բացառիկ իրավիճակներում finally հրաման', 14, 0, 0, 2, '2015-10-04 07:04:48'),
(81, 'Բացառիկ իրավիճակների try հրամանը', 14, 0, 0, 4, '2015-10-04 07:05:12'),
(82, 'Ընդհանրացումների կոդը', 14, 0, 0, 3, '2015-10-04 07:05:40'),
(83, 'Ընդհանրացումների հրամանները', 14, 0, 0, 3, '2015-10-04 07:06:03'),
(84, 'Ծրագիրը\r\n<pre>\r\nclass AAA<TT>\r\n    {\r\n        public T a;\r\n    }\r\n    class M\r\n    {\r\n        static void Main()\r\n        {\r\n            AAA<int> ob = new AAA<int>();\r\n            ob.a = 5;\r\n        }\r\n    }\r\n</pre>', 14, 1, 0, 5, '2015-10-04 07:08:24'),
(85, 'Ծրագիրը\r\n<pre>\r\nusing System;\r\n    public delegate void ddd<T>(T arg);\r\n    class M\r\n    {\r\n        static void Main()\r\n        {\r\n            ddd<string> strTarget = new ddd<string>(f1);\r\n            strTarget("barev");\r\n        }\r\n        static void f1(string arg)\r\n        {\r\n            Console.WriteLine(arg.ToUpper());\r\n        }\r\n    }\r\n</pre>', 14, 1, 0, 4, '2015-10-04 07:10:06'),
(86, 'Ծրագիրը\r\n<pre>\r\nusing System;\r\n    class M\r\n    {\r\n        static void Main()\r\n        {\r\n            string s1 = "abcd";\r\n            String s2 = "ABCD";\r\n            Console.WriteLine(string.Compare(s1, s2));\r\n        }\r\n    }\r\n</pre>', 14, 0, 0, 4, '2015-10-04 07:11:16'),
(87, 'Ծրագիրը\r\n<pre>\r\nusing System;\r\n    class M\r\n    {\r\n        static void Main()\r\n        {\r\n            string s1 = "abcd";\r\n            String s2 = "ABCD";\r\n            Console.WriteLine(string.Compare(s1, s2, true));\r\n        }\r\n    }\r\n</pre>', 14, 1, 0, 4, '2015-10-04 07:13:03'),
(88, 'String կլաս', 14, 0, 0, 2, '2015-10-04 07:13:34'),
(89, 'Ծրագիրը\r\n<pre>\r\nusing System;\r\n    class M\r\n    {\r\n        static void Main()\r\n        {\r\n            string s1 = "abcd";\r\n            String s2 = "ABCD";\r\n            s1 = "a";\r\n            s2 = "a";\r\n            Console.WriteLine(ReferenceEquals(s1, s2));\r\n        }\r\n    }\r\n</pre>', 14, 0, 0, 5, '2015-10-04 07:14:17'),
(90, 'Ծրագիրը\r\n<pre>\r\nusing System;\r\n    class M\r\n    {\r\n        static void Main()\r\n        {\r\n            string s1 = "abcd";\r\n            string s2 = "abcd";\r\n            string s = s1 + s2;\r\n            Console.WriteLine(s.LastIndexOf("bc"));\r\n        }\r\n    }\r\n</pre>', 14, 0, 0, 4, '2015-10-04 07:15:07'),
(91, 'Ծրագիրը', 14, 1, 0, 4, '2015-10-04 07:16:18'),
(92, 'decimal', 14, 0, 0, 1, '2015-10-04 07:16:56'),
(93, 'for – ի պայմանում տեսանելիության տիրույթը', 14, 0, 0, 3, '2015-10-04 07:17:20'),
(94, 'int @new = 77', 14, 0, 0, 3, '2015-10-04 07:17:44'),
(95, 'Ծրագիրը\r\n<pre>\r\nusing System;\r\n    class A\r\n    {\r\n        public A()\r\n        {\r\n            Console.WriteLine("global A");\r\n        }\r\n    }\r\n    class A\r\n    {\r\n        public A()\r\n        {\r\n            Console.WriteLine("my A");\r\n        }\r\n    }\r\n    class Program\r\n    {\r\n        static void Main(string[] args)\r\n        {\r\n            A a1 = new A();\r\n            global::A a2 = new global::A();\r\n        }\r\n    }\r\n</pre>', 14, 1, 0, 5, '2015-10-04 07:19:07'),
(96, 'Ծրագիրը\r\n<pre>\r\nclass AAA\r\n    {\r\n        int a = 44;\r\n        BBB ob = new BBB();\r\n        public AAA()\r\n        {\r\n            System.Console.WriteLine("AAAAA");\r\n            a = 55;\r\n        }\r\n        public void ff()\r\n        {\r\n            System.Console.WriteLine(a);\r\n        }\r\n    }\r\n    class BBB\r\n    {\r\n        public BBB() { System.Console.WriteLine("BBBBB"); }\r\n    }\r\n    class M\r\n    {\r\n        static void Main()\r\n        {\r\n            AAA ob = new AAA();\r\n            ob.ff();\r\n        }\r\n    }\r\n</pre>', 14, 1, 0, 5, '2015-10-04 07:20:57'),
(97, 'Հղիչային տիպերի հղումը', 14, 0, 0, 3, '2015-10-04 07:21:46'),
(98, 'Չափային տիպերը', 14, 0, 0, 3, '2015-10-04 07:22:12'),
(99, 'boxing / unboxing', 14, 0, 0, 2, '2015-10-04 07:22:52'),
(100, 'Ստրուկտուրաներում', 14, 0, 0, 3, '2015-10-04 07:23:18'),
(101, 'Ստրուկտուրաների համար', 14, 0, 0, 3, '2015-10-04 07:23:54'),
(102, 'Ստատիկ կանստրուկտոր', 14, 0, 0, 4, '2015-10-04 07:25:38'),
(103, 'Ծրագիրը \r\n<pre>\r\nusing System;\r\n    class AAA\r\n    {\r\n        int a = 99;\r\n        public void ff()\r\n        {\r\n            int a;\r\n            a = 55;\r\n            Console.WriteLine(this.a);\r\n            Console.WriteLine(a);\r\n        }\r\n    }\r\n    class M\r\n    {\r\n        static void Main()\r\n        {\r\n            AAA ob = new AAA();\r\n            ob.ff();\r\n        }\r\n    }\r\n</pre>', 14, 0, 0, 4, '2015-10-04 07:26:49'),
(104, 'readonly', 14, 0, 0, 3, '2015-10-04 07:27:28'),
(105, 'Ավտոմատ հատկանիշներում', 14, 0, 0, 2, '2015-10-04 07:27:54'),
(106, 'Ծրագիրը\r\n<pre>\r\nusing System;\r\n    class A\r\n    {\r\n        public int pp { get; set; }\r\n        public char pp2 { get; set; }\r\n    }\r\n    class M\r\n    {\r\n        static void Main()\r\n        {\r\n            A o = new A();\r\n            Console.WriteLine(o.pp2);\r\n            Console.WriteLine(o.pp);\r\n            Console.ReadKey();\r\n        }\r\n    }\r\n</pre>', 14, 0, 0, 4, '2015-10-04 07:30:39'),
(107, 'Ծրագիրը\r\n<pre>\r\nusing System;\r\n    class A\r\n    {\r\n        public static int pp { get; set; }\r\n        public static char pp2 { get; set; }\r\n    }\r\n    class M\r\n    {\r\n        static void Main()\r\n        {\r\n            A o = new A();\r\n            Console.WriteLine(o.pp2);\r\n            Console.WriteLine(o.pp);\r\n            Console.ReadKey();\r\n        }\r\n    }\r\n</pre>', 14, 0, 0, 4, '2015-10-04 07:31:29'),
(108, 'Կլասի երկու օբյեկտներ', 14, 0, 0, 3, '2015-10-04 07:31:55'),
(109, 'Main() ֆունկցիան', 14, 0, 0, 2, '2015-10-04 07:32:28'),
(110, 'Ֆունկցիայի պարամետր params', 14, 0, 0, 3, '2015-10-04 07:33:03');

-- --------------------------------------------------------

--
-- Структура таблицы `z59_tests`
--

CREATE TABLE IF NOT EXISTS `z59_tests` (
`id` int(10) unsigned NOT NULL,
  `name` varchar(255) NOT NULL,
  `description` varchar(255) NOT NULL,
  `time` int(10) unsigned NOT NULL DEFAULT '30',
  `created` timestamp NOT NULL DEFAULT CURRENT_TIMESTAMP,
  `is_public` tinyint(1) unsigned NOT NULL DEFAULT '0',
  `password` varchar(60) DEFAULT NULL,
  `point` decimal(5,1) NOT NULL DEFAULT '0.0',
  `is_open` tinyint(1) unsigned NOT NULL DEFAULT '0',
  `diff_1_total` tinyint(3) unsigned NOT NULL DEFAULT '0',
  `diff_2_total` tinyint(3) unsigned NOT NULL DEFAULT '0',
  `diff_3_total` tinyint(3) unsigned NOT NULL DEFAULT '0',
  `diff_4_total` tinyint(3) unsigned NOT NULL DEFAULT '0',
  `diff_5_total` tinyint(3) unsigned NOT NULL DEFAULT '0'
) ENGINE=InnoDB AUTO_INCREMENT=15 DEFAULT CHARSET=utf8;

--
-- Дамп данных таблицы `z59_tests`
--

INSERT INTO `z59_tests` (`id`, `name`, `description`, `time`, `created`, `is_public`, `password`, `point`, `is_open`, `diff_1_total`, `diff_2_total`, `diff_3_total`, `diff_4_total`, `diff_5_total`) VALUES
(1, 'PHP', 'Lorem ipsum dolor sit amet, consectetur adipiscing elit. Quisque iaculis vehicula ultricies. Ut nec ligula eu dui placerat blandit vitae in lacus.', 30, '2015-09-15 16:26:16', 0, '$2y$10$986d038673e5ea0fc16e4uxiFz/SohAOXQn/2SAJpUshWzp73KTGu', 10.0, 1, 2, 2, 2, 1, 1),
(2, 'new Test', 'Lorem ipsum dolor sit amet, consectetur adipiscing elit. Quisque iaculis vehicula ultricies. Ut nec ligula eu dui placerat blandit vitae in lacus. Proin eget tortor et neque elementum finibus. Duis fringilla lectus eu arcu ultricies, sit amet gravida nequ', 30, '2015-09-16 14:52:05', 0, '$2y$10$03911bde9d8a3ba9fbd7dOf/rCX6JLAez7MNiNVHgWp', 2.0, 1, 1, 0, 0, 2, 0),
(8, 'PHP Rusakov', 'Данный тест проверяет Ваши знания по языку PHP. От Вас требуется знание основных конструкций PHP, работы с переменными, сессий, реализации редиректа и прочих стандартных вещей.\r\nУбедительная просьба: В тесте содержится много вопросов по типу: ', 10, '2015-09-21 07:01:24', 1, '', 15.0, 1, 2, 1, 1, 1, 1),
(9, 'JavaScript', 'The test is not official, it''s just a nice way to see how much you know, or don''t know, about JavaScript.', 30, '2015-09-21 13:10:10', 1, '', 2.0, 1, 1, 2, 2, 2, 0),
(12, 'PHP w3schools.com test ', 'The test is not official, it''s just a nice way to see how much you know, or don''t know, about PHP.', 30, '2015-09-26 06:50:15', 1, '', 2.0, 1, 1, 5, 5, 6, 3),
(14, 'C#  part I', 'Ծրագրավորման տեխնոլոգիաներ. C#  առաջին մաս: \r\n', 60, '2015-10-04 06:35:45', 1, '', 2.0, 1, 2, 5, 10, 5, 3);

-- --------------------------------------------------------

--
-- Структура таблицы `z59_users`
--

CREATE TABLE IF NOT EXISTS `z59_users` (
`id` int(10) unsigned NOT NULL,
  `first_name` varchar(50) NOT NULL,
  `last_name` varchar(50) NOT NULL,
  `father_name` varchar(50) NOT NULL,
  `email` varchar(100) NOT NULL,
  `group_id` int(10) unsigned NOT NULL,
  `register_date` timestamp NOT NULL DEFAULT CURRENT_TIMESTAMP
) ENGINE=InnoDB AUTO_INCREMENT=40 DEFAULT CHARSET=utf8;

--
-- Дамп данных таблицы `z59_users`
--

INSERT INTO `z59_users` (`id`, `first_name`, `last_name`, `father_name`, `email`, `group_id`, `register_date`) VALUES
(1, 'sdf', 'asd', 'asd', '', 0, '2015-09-25 10:22:32'),
(2, 'sdfdf', 'zxc', 'asd', '', 0, '2015-09-25 10:23:36'),
(3, 'asd', 'sdfsdsd', 'asd', '', 0, '2015-09-25 13:59:16'),
(4, 'Vardan', 'Gasparyan', 'Rubeni', '', 0, '2015-09-26 07:09:28'),
(5, 'sad', 'asd', 'ads', '', 0, '2015-09-26 07:23:54'),
(6, 'cbcvbcv', 'bcvbcv', 'cbv', '', 0, '2015-09-26 07:26:26'),
(7, 'asd', 'sad', 'sad', '', 0, '2015-09-26 07:26:59'),
(8, 'hjk', 'n,,', 'hjkjh', '', 0, '2015-09-26 07:28:04'),
(9, 'Asd', 'asd', 'asd', '', 0, '2015-09-26 07:58:40'),
(10, 'asd', 'zxc', 'asd', '', 1, '2015-09-26 08:10:09'),
(11, 'sad', 'sdf', 'sdf', '', 0, '2015-09-26 08:32:05'),
(12, 'asdasd', 'zxc', 'asd', '', 1, '2015-09-26 08:34:50'),
(13, 'Artak', 'Sahakyan', 'Armeni', '', 1, '2015-09-26 08:51:40'),
(14, 'sad', 'sad', 'sad', '', 2, '2015-09-26 08:57:02'),
(15, 'sf', 'sdf', 'dsf', '', 0, '2015-09-26 09:03:04'),
(16, 'Asd', 'zdf', 'sdf', '', 0, '2015-09-26 09:11:01'),
(17, 'sgf', 'sdh', 'sdf', '', 1, '2015-09-27 10:11:53'),
(18, 'Artak', 'Sahakyan', 'Armeni', '', 0, '2015-09-27 11:02:20'),
(19, 'fghfh', 'fghgf', 'fghgf', '', 0, '2015-09-28 06:27:45'),
(20, 'vbn', 'vbn', 'vbn', '', 0, '2015-09-28 06:29:45'),
(21, 'sdf', 'asd', 'asd', '', 0, '2015-09-28 06:30:02'),
(22, 'bvnbvn', 'nvbn', 'vbn', '', 0, '2015-09-28 06:31:23'),
(23, 'sdf', 'asd', 'asd', '', 0, '2015-09-28 07:57:58'),
(24, 'sdf', 'asd', 'asd', '', 0, '2015-09-28 07:58:27'),
(25, 'sdfd', 'sdfsdsd', 'asd', '', 0, '2015-09-29 07:50:43'),
(26, 'Արտակ', 'Սահակյան', 'Արմենի', '', 1, '2015-10-04 07:44:14'),
(27, 'anuna', 'azganuna', 'hayranuna', '', 0, '2015-10-04 07:54:50'),
(28, 'Jojo', 'Gago', 'Hdyd', '', 0, '2015-10-04 08:04:22'),
(29, 'zc', 'sad', 'asd', '', 0, '2015-10-04 12:24:43'),
(30, 'sdf', 'cxvb', 'sdf', '', 0, '2015-10-04 12:27:28'),
(31, 'sdf', 'zxcv', 'asd', '', 0, '2015-10-04 12:32:14'),
(32, 'fgh', 'cb', 'dfg', '', 0, '2015-10-04 12:32:22'),
(33, 'Hfu', 'Jfy', 'Ufu', '', 0, '2015-10-04 14:24:24'),
(34, 'Jfh', 'Hfk', 'Ufh', '', 0, '2015-10-04 14:24:50'),
(35, 'sfwe', 'sdf', 'sdf', '', 1, '2015-10-08 05:33:18'),
(36, '321', '322', 'sahartak', '', 0, '2015-10-15 10:06:50'),
(37, 'hgf', 'fxfd', 'fxd', '', 0, '2015-10-16 11:54:00'),
(38, 'asd', 'zxc', 'asd', '', 0, '2015-10-16 13:46:55'),
(39, 'gg', 'gg', 'gg', '', 0, '2015-11-08 13:16:51');

--
-- Индексы сохранённых таблиц
--

--
-- Индексы таблицы `z59_admin`
--
ALTER TABLE `z59_admin`
 ADD PRIMARY KEY (`id`);

--
-- Индексы таблицы `z59_answers`
--
ALTER TABLE `z59_answers`
 ADD PRIMARY KEY (`id`);

--
-- Индексы таблицы `z59_categories`
--
ALTER TABLE `z59_categories`
 ADD PRIMARY KEY (`id`);

--
-- Индексы таблицы `z59_courses`
--
ALTER TABLE `z59_courses`
 ADD PRIMARY KEY (`id`);

--
-- Индексы таблицы `z59_difficulty`
--
ALTER TABLE `z59_difficulty`
 ADD PRIMARY KEY (`id`);

--
-- Индексы таблицы `z59_get_test`
--
ALTER TABLE `z59_get_test`
 ADD PRIMARY KEY (`id`);

--
-- Индексы таблицы `z59_gotten_test_answers`
--
ALTER TABLE `z59_gotten_test_answers`
 ADD PRIMARY KEY (`id`);

--
-- Индексы таблицы `z59_questions`
--
ALTER TABLE `z59_questions`
 ADD PRIMARY KEY (`id`);

--
-- Индексы таблицы `z59_tests`
--
ALTER TABLE `z59_tests`
 ADD PRIMARY KEY (`id`);

--
-- Индексы таблицы `z59_users`
--
ALTER TABLE `z59_users`
 ADD PRIMARY KEY (`id`);

--
-- AUTO_INCREMENT для сохранённых таблиц
--

--
-- AUTO_INCREMENT для таблицы `z59_admin`
--
ALTER TABLE `z59_admin`
MODIFY `id` int(10) unsigned NOT NULL AUTO_INCREMENT,AUTO_INCREMENT=2;
--
-- AUTO_INCREMENT для таблицы `z59_answers`
--
ALTER TABLE `z59_answers`
MODIFY `id` int(10) unsigned NOT NULL AUTO_INCREMENT,AUTO_INCREMENT=402;
--
-- AUTO_INCREMENT для таблицы `z59_categories`
--
ALTER TABLE `z59_categories`
MODIFY `id` int(10) unsigned NOT NULL AUTO_INCREMENT,AUTO_INCREMENT=21;
--
-- AUTO_INCREMENT для таблицы `z59_courses`
--
ALTER TABLE `z59_courses`
MODIFY `id` int(10) unsigned NOT NULL AUTO_INCREMENT,AUTO_INCREMENT=3;
--
-- AUTO_INCREMENT для таблицы `z59_difficulty`
--
ALTER TABLE `z59_difficulty`
MODIFY `id` tinyint(3) unsigned NOT NULL AUTO_INCREMENT,AUTO_INCREMENT=6;
--
-- AUTO_INCREMENT для таблицы `z59_get_test`
--
ALTER TABLE `z59_get_test`
MODIFY `id` int(10) unsigned NOT NULL AUTO_INCREMENT,AUTO_INCREMENT=28;
--
-- AUTO_INCREMENT для таблицы `z59_gotten_test_answers`
--
ALTER TABLE `z59_gotten_test_answers`
MODIFY `id` int(10) unsigned NOT NULL AUTO_INCREMENT,AUTO_INCREMENT=603;
--
-- AUTO_INCREMENT для таблицы `z59_questions`
--
ALTER TABLE `z59_questions`
MODIFY `id` int(10) unsigned NOT NULL AUTO_INCREMENT,AUTO_INCREMENT=111;
--
-- AUTO_INCREMENT для таблицы `z59_tests`
--
ALTER TABLE `z59_tests`
MODIFY `id` int(10) unsigned NOT NULL AUTO_INCREMENT,AUTO_INCREMENT=15;
--
-- AUTO_INCREMENT для таблицы `z59_users`
--
ALTER TABLE `z59_users`
MODIFY `id` int(10) unsigned NOT NULL AUTO_INCREMENT,AUTO_INCREMENT=40;
/*!40101 SET CHARACTER_SET_CLIENT=@OLD_CHARACTER_SET_CLIENT */;
/*!40101 SET CHARACTER_SET_RESULTS=@OLD_CHARACTER_SET_RESULTS */;
/*!40101 SET COLLATION_CONNECTION=@OLD_COLLATION_CONNECTION */;
